feature,variance,variance_rank,logreg_importance,logreg_rank,rf_importance,rf_rank,avg_rank
LOC_Os07g13770,3.3474582917654443,38,0.04527300566183029,30,0.02456571871537903,2,23.333333333333332
LOC_Os10g08540,4.422212218486867,14,0.03933549002425158,51,0.009419897108556997,26,30.333333333333332
LOC_Os09g34260,4.227280661550725,20,0.0381238981789141,55,0.012235930932115106,17,30.666666666666668
LOC_Os09g20220,12.478845705817925,1,0.029870526019179597,99,0.01927906444480019,5,35.0
LOC_Os01g08440,11.255801435124086,2,0.026938755079372847,122,0.025181517047545753,1,41.666666666666664
LOC_Os01g64910,4.4843957041463565,11,0.03132542402355603,88,0.009201226758780016,27,42.0
LOC_Os07g44550,2.3266525270473752,106,0.06773865628921402,8,0.010394246263197439,20,44.666666666666664
LOC_Os03g57200,7.503957889915895,5,0.028058074130347315,115,0.01231043956043956,16,45.333333333333336
LOC_Os02g16280,3.5845277055773845,32,0.04142432031580376,47,0.004443478260869565,74,51.0
LOC_Os04g46600,2.1423431912363577,125,0.0425736052144513,40,0.01743028577709569,8,57.666666666666664
LOC_Os10g22310,2.882361854611719,65,0.036985448202628425,59,0.005473024779972095,53,59.0
LOC_Os09g32000,10.623635690140578,3,0.02603563103188122,134,0.005709745762711865,49,62.0
LOC_Os05g34830,4.624388027227046,10,0.026976975730943667,121,0.005397727272727273,55,62.0
LOC_Os11g04860,2.0241902804537566,145,0.04499513942346026,32,0.01615468622286804,9,62.0
LOC_Os02g28220,2.6155834196936647,80,0.034410046070330456,70,0.006222045035709631,42,64.0
LOC_Os04g10060,3.8980750970863216,25,0.024678981401748745,153,0.013032383337321046,14,64.0
LOC_Os07g49114,2.9033231235756594,63,0.028575826157616852,111,0.009983471074380164,21,65.0
LOC_Os06g11260,5.9674540528927205,7,0.02378456659672551,164,0.009765898585236027,24,65.0
LOC_Os07g23570,8.411057778106276,4,0.023293107305313598,170,0.009731489741302408,25,66.33333333333333
LOC_Os07g23710,6.247048552710813,6,0.022357470923792238,187,0.017752897289893547,7,66.66666666666667
LOC_Os01g27200,2.1359051298891716,126,0.03476222232486601,69,0.018280057153652343,6,67.0
LOC_Os10g38150,3.593804869973947,30,0.025128042354153068,143,0.0074016524174829075,34,69.0
LOC_Os06g34530,3.24989400854603,39,0.02586852316696984,136,0.0073797823797823806,35,70.0
LOC_Os05g30510,3.2025401146478893,43,0.03921712102009694,52,0.0028298790666092446,120,71.66666666666667
LOC_Os07g07440,3.084774757384142,54,0.041753874384183064,45,0.002957953063885267,118,72.33333333333333
LOC_Os10g36980,4.427131449617879,13,0.022227738138230122,194,0.008039473684210525,31,79.33333333333333
LOC_Os01g58670,3.1729238564890823,44,0.03427926228161791,73,0.002804132231404959,122,79.66666666666667
LOC_Os09g34250,4.280974615685851,19,0.024380355701988946,159,0.004789473684210526,66,81.33333333333333
LOC_Os02g21300,3.0781007925793693,56,0.022302961128034107,190,0.021241930830255894,3,83.0
LOC_Os02g56700,4.339850671557533,17,0.025109237631084653,144,0.003940956735057985,93,84.66666666666667
LOC_Os09g34270,2.7754730365979308,72,0.028390728037504073,113,0.004715093518921269,69,84.66666666666667
LOC_Os03g17480,3.0966291467783993,52,0.03435989813813368,71,0.002377358490566038,137,86.66666666666667
LOC_Os11g04140,2.1069102032407923,130,0.043327349271323624,37,0.0037200299700299705,102,89.66666666666667
LOC_Os04g26920,2.5601321138689146,86,0.022527770522095383,182,0.020898025198286617,4,90.66666666666667
LOC_Os09g16330,4.455544249428494,12,0.02195030589400553,203,0.005041322314049586,61,92.0
LOC_Os01g45110,3.0948493274010804,53,0.021954313868109327,202,0.009831984105176385,23,92.66666666666667
LOC_Os06g09717,5.6043730464615145,8,0.023248139024186276,171,0.0036602620568156785,103,94.0
LOC_Os02g09510,2.8423239732020398,68,0.022420039326099938,186,0.0070857710642972275,36,96.66666666666667
LOC_Os01g43690,1.6960532005832527,231,0.06018414247783838,15,0.005118411000763942,59,101.66666666666667
LOC_Os08g34290,1.7163916642207875,226,0.04189877306568653,43,0.007035083549529071,37,102.0
LOC_Os04g28390,2.067207467684809,138,0.03184672001851371,86,0.004290254237288136,83,102.33333333333333
LOC_Os03g55240,4.014893360542271,22,0.01982090153942516,241,0.006146788990825689,44,102.33333333333333
LOC_Os01g16146,3.1611672281952723,45,0.020298217453806364,230,0.006687668654268853,41,105.33333333333333
LOC_Os10g38740,2.720941572853289,76,0.02030976821914222,229,0.0135890617443059,11,105.33333333333333
LOC_Os04g42830,2.5681254957815254,85,0.02447203237431061,157,0.0043569449661908346,81,107.66666666666667
LOC_Os09g38130,2.043887964877234,141,0.030702185702143666,94,0.0041280058853280606,88,107.66666666666667
LOC_Os02g53870,1.790308590309439,205,0.03485414185840799,68,0.005609382908059814,51,108.0
LOC_Os09g27260,2.236037549773373,114,0.024575577641388773,156,0.00496933962264151,65,111.66666666666667
LOC_Os05g11650,1.7311479928528892,220,0.049652733848511495,21,0.0030674402492097026,113,118.0
LOC_Os01g50200,3.0416233499165437,58,0.035665227997448236,63,0.0,233,118.0
LOC_Os09g37180,4.395795726457465,15,0.02231210051700956,189,0.0019780219780219785,154,119.33333333333333
LOC_Os01g01280,2.546674193879032,87,0.024746254156555514,152,0.002806652806652808,121,120.0
LOC_Os01g06670,1.5859310608027533,282,0.03434092162481425,72,0.01345767646514412,12,122.0
LOC_Os02g48850,2.4806597500074448,92,0.02686051101415306,124,0.0020118045229779737,151,122.33333333333333
LOC_Os05g45100,3.474306628655112,35,0.03901089297878934,53,0.0,281,123.0
LOC_Os11g14910,1.935555050069396,172,0.024661671250817346,154,0.005773848684210527,47,124.33333333333333
LOC_Os03g08900,2.798065127959861,71,0.019025494622584183,257,0.005933745813648461,46,124.66666666666667
LOC_Os03g08880,2.4429060014740775,96,0.031236419735279644,89,0.0010188679245283017,190,125.0
LOC_Os10g34020,4.086182152986122,21,0.01918727778655331,255,0.0037755545889517177,99,125.0
LOC_Os02g16270,2.5357704995485006,89,0.02396563361197952,163,0.002778730703259005,123,125.0
LOC_Os01g49720,2.105488804492765,132,0.019721994861297082,244,0.009910337443053852,22,132.66666666666666
LOC_Os04g28320,1.7826745910153237,206,0.03935427503463475,50,0.002169421487603306,143,133.0
LOC_Os08g06280,1.6821586899782792,236,0.02497828424238442,146,0.011265562210933356,18,133.33333333333334
LOC_Os03g45250,2.8052289953926004,70,0.021913041975105574,204,0.0025746980292434846,128,134.0
LOC_Os06g31090,3.1258746065065486,50,0.044649538587585934,35,0.0,318,134.33333333333334
LOC_Os02g26670,1.8578764017136358,187,0.027207522085348487,120,0.003778881987577639,98,135.0
LOC_Os01g64310,4.292025967141319,18,0.016869065307164085,299,0.004045871559633028,89,135.33333333333334
LOC_Os12g41630,1.6811630002568392,238,0.0350516250887462,65,0.0030502092050209203,114,139.0
LOC_Os04g03164,1.8113815026767504,198,0.02663125778494521,125,0.0038489709443099286,94,139.0
LOC_Os03g37520,1.9520800897636805,167,0.020199566983264895,234,0.011090714344597756,19,140.0
LOC_Os11g13390,3.084301254711354,55,0.019927519809642125,238,0.002410169083995687,135,142.66666666666666
LOC_Os07g44440,1.8266427546348254,194,0.02264090830803199,178,0.005274671852211959,57,143.0
LOC_Os11g37210,2.0989179807093534,133,0.03003356525731281,98,0.000996503496503496,201,144.0
LOC_Os11g02800,1.7770855085464308,208,0.035311917262513044,64,0.0017999999999999997,160,144.0
LOC_Os07g28660,1.3867029775149513,405,0.08991833183757782,2,0.00876887051396418,28,145.0
LOC_Os03g08520,1.9989199836325147,148,0.02488487360952557,149,0.0022149975692756442,141,146.0
LOC_Os01g56570,3.8977662298954425,26,0.02146732818463547,210,0.0009917355371900827,204,146.66666666666666
LOC_Os05g02730,2.016971039937744,146,0.021001814257440868,216,0.004406779661016949,78,146.66666666666666
LOC_Os02g53510,1.5415845542736877,306,0.0342334772673176,74,0.005046092610597959,60,146.66666666666666
LOC_Os10g19925,2.42245682328739,97,0.017024576786148504,296,0.005439199790794979,54,149.0
LOC_Os08g39850,2.0768254285662824,134,0.020224100059798508,233,0.004383266273688418,80,149.0
LOC_Os07g02690,1.411818960775304,377,0.04822069146625257,22,0.004992495711835334,63,154.0
LOC_Os10g38780,1.5877939795748082,281,0.032121011768657594,84,0.003745503159941661,100,155.0
LOC_Os04g54230,2.3394311354072572,105,0.026130963151661784,131,0.0005624999999999998,229,155.0
LOC_Os07g44140,3.673603896574808,29,0.015922425518680592,312,0.0027182569496619086,125,155.33333333333334
LOC_Os01g27210,1.5475532361795905,301,0.02568013471580795,137,0.006828234265734265,40,159.33333333333334
LOC_Os10g38489,1.6362808449589403,257,0.028930370738950533,106,0.003041067041067041,115,159.33333333333334
LOC_Os12g33300,3.2166174297408037,41,0.030291638726174297,96,0.0,342,159.66666666666666
LOC_Os01g43890,2.8701833874328964,67,0.022529311261244647,181,0.0,234,160.66666666666666
LOC_Os09g37120,2.038261090105142,143,0.01980513657808428,242,0.003778881987577639,97,160.66666666666666
LOC_Os07g26290,1.3708569153849863,420,0.06253113997909303,13,0.005687224669603526,50,161.0
LOC_Os05g29810,1.6135308709137173,266,0.03202215278266791,85,0.002434259954921112,133,161.33333333333334
LOC_Os06g13880,5.109114022600006,9,0.02262579102614155,179,0.0,297,161.66666666666666
LOC_Os04g17660,1.491247145623516,328,0.0349176913572371,67,0.0039534240430622,92,162.33333333333334
LOC_Os01g50870,1.5621181316935908,296,0.04730120558498236,26,0.0011985472154963683,169,163.66666666666666
LOC_Os04g50940,2.166397913823011,119,0.06247069151934107,14,0.0,359,164.0
LOC_Os03g08460,1.6877432871301694,235,0.029008174465975714,105,0.0019413461538461533,156,165.33333333333334
LOC_Os10g38120,2.2833425078405787,111,0.017903934261467233,280,0.0035217391304347818,107,166.0
LOC_Os07g02880,2.0455568322623248,140,0.024918728677140855,148,0.00079295154185022,218,168.66666666666666
LOC_Os06g38710,1.3623731620062611,430,0.06980106128060083,7,0.004602272727272727,70,169.0
LOC_Os04g37710,1.4592610414042713,346,0.024848466587775925,150,0.012919421487603304,15,170.33333333333334
LOC_Os10g39660,3.8252991193832604,28,0.021266563721245524,212,0.0,276,172.0
LOC_Os06g04940,2.5417280112882668,88,0.0215527954367182,208,0.000743801652892562,222,172.66666666666666
LOC_Os04g03980,1.6306654987577005,260,0.020084254107532288,236,0.008256935320114669,30,175.33333333333334
LOC_Os05g25100,1.4816781977739306,334,0.02879159738083344,109,0.00400726392251816,90,177.66666666666666
LOC_Os04g32430,1.3343398580111594,465,0.11417071490188356,1,0.0047862762849980945,67,177.66666666666666
LOC_Os03g49270,1.3378095055284107,458,0.034949245154647555,66,0.01429139709901551,10,178.0
LOC_Os03g47350,1.3795376419136398,411,0.07030483262803319,6,0.0029601328903654488,117,178.0
LOC_Os07g36000,1.9171037174831547,176,0.018200994383986716,273,0.004153846153846154,87,178.66666666666666
LOC_Os09g31990,4.388193297730305,16,0.020983811159207916,219,0.0,303,179.33333333333334
LOC_Os12g07030,2.194895689130294,116,0.04188332562354111,44,0.0,381,180.33333333333334
LOC_Os05g12450,1.6554741395477082,248,0.017893488233695482,281,0.013407246062210589,13,180.66666666666666
LOC_Os07g02560,1.3704633807176472,421,0.032350400872587226,83,0.006869737830677371,38,180.66666666666666
LOC_Os02g38940,1.834347067713168,190,0.015514692628886328,325,0.007452346635604279,33,182.66666666666666
LOC_Os01g13950,1.6480324534328967,251,0.024116246148491033,160,0.002288135593220339,139,183.33333333333334
LOC_Os12g36850,2.9313978014178637,61,0.008537974393199836,434,0.005187016898215945,58,184.33333333333334
LOC_Os04g46970,1.7184793804966465,225,0.0185659603474929,262,0.004715093518921269,68,185.0
LOC_Os09g25070,2.4171987071405883,98,0.013528043503057932,359,0.0037422037422037424,101,186.0
LOC_Os12g11420,1.570161533895791,293,0.022316874932962315,188,0.004394560669456068,79,186.66666666666666
LOC_Os04g12830,1.4764669032489677,339,0.05711689141833471,17,0.0009762396694214877,207,187.66666666666666
LOC_Os06g04990,3.152690365035061,47,0.021847077859333767,205,0.0,314,188.66666666666666
LOC_Os01g24030,3.352068649510798,37,0.019620262698435257,247,0.0,285,189.66666666666666
LOC_Os07g37280,2.068719182173791,137,0.018808861086044563,259,0.0010853432282003715,174,190.0
LOC_Os05g33410,2.8722367012906553,66,0.02008198222505667,237,0.0,268,190.33333333333334
LOC_Os04g37480,3.0600737075053392,57,0.022178102344965922,196,0.0,325,192.66666666666666
LOC_Os07g06830,1.4779507806147036,337,0.02349109789099942,167,0.004413218126666053,77,193.66666666666666
LOC_Os09g29710,1.797483910851399,202,0.04485330223670158,33,0.0,347,194.0
LOC_Os06g30400,1.749976805373947,214,0.0744351907094035,4,0.0,365,194.33333333333334
LOC_Os02g26430,1.7699699357458347,209,0.04793930069657406,24,0.0,351,194.66666666666666
LOC_Os01g65830,2.4988760786611177,91,0.01805911247985317,277,0.0008367768595041323,216,194.66666666666666
LOC_Os01g56690,2.111330286229383,129,0.037385615905754746,57,0.0,404,196.66666666666666
LOC_Os02g41670,3.974782615887934,23,0.006868387349624773,459,0.0031949661908339594,110,197.33333333333334
LOC_Os08g38110,1.6533682724352627,250,0.023783742121598627,165,0.0010312500000000003,188,201.0
LOC_Os01g55549,2.3802089615248643,103,0.047158632410348574,27,0.0,475,201.66666666666666
LOC_Os06g04950,1.9894950622356793,150,0.03729020901309747,58,0.0,399,202.33333333333334
LOC_Os09g04430,2.147254961193282,123,0.017723775299442388,288,0.001004132231404959,197,202.66666666666666
LOC_Os02g09110,1.9561780632797965,164,0.037553082845460224,56,0.0,388,202.66666666666666
LOC_Os08g07620,2.3060761725653394,108,0.014656879908403565,337,0.0017307692307692308,163,202.66666666666666
LOC_Os04g35250,1.423173587124997,363,0.02957753612448762,101,0.002078789854213583,148,204.0
LOC_Os05g48930,2.3030046109798996,109,0.026127012178967585,132,0.0,372,204.33333333333334
LOC_Os01g64440,1.533039943816888,311,0.022703407460166043,177,0.0026776859504132238,126,204.66666666666666
LOC_Os02g10550,1.6812028587618468,237,0.06534061007783978,9,0.0,368,204.66666666666666
LOC_Os03g47810,1.9092333682052736,177,0.047979382624847466,23,0.0,415,205.0
LOC_Os10g36660,2.8192488145407375,69,0.016124512507889883,308,0.0,238,205.0
LOC_Os04g09920,2.975344467348487,59,0.009190852508723374,424,0.0025080469769464997,132,205.0
LOC_Os05g12090,1.8679841785276134,186,0.01781540834500517,285,0.002160973295772024,144,205.0
LOC_Os06g13940,1.9696402736296166,158,0.011552346540479345,396,0.005038961038961038,62,205.33333333333334
LOC_Os06g11290,1.8316150520995118,192,0.01842289366143751,264,0.001607235739467144,164,206.66666666666666
LOC_Os04g09900,3.5218173853024552,33,0.0054235615606455555,480,0.003468749999999999,108,207.0
LOC_Os06g37300,2.9188516446086408,62,0.015854796138622645,315,0.0,247,208.0
LOC_Os02g13870,1.4427896702759486,352,0.042887293585536536,39,0.0,236,209.0
LOC_Os03g16260,1.3579692595095365,434,0.0455158693195137,29,0.0014766949152542374,166,209.66666666666666
LOC_Os01g32380,1.9943682294748986,149,0.012780083403172013,372,0.003220439037080023,109,210.0
LOC_Os08g04340,3.5853408909139137,31,0.01558942536541891,322,0.0,277,210.0
LOC_Os04g22230,1.303277169442358,495,0.03860653705515273,54,0.004202479338842976,84,211.0
LOC_Os10g11190,1.376198252258271,415,0.032444393354187175,82,0.002289497578692494,138,211.66666666666666
LOC_Os03g42130,1.9638963731418668,161,0.019649594211008068,246,0.0005648535564853557,228,211.66666666666666
LOC_Os01g10210,1.697010229553756,230,0.044176785683229504,36,0.0,370,212.0
LOC_Os02g39660,2.1604596914874925,121,0.01408264335362597,347,0.0012521739130434784,168,212.0
LOC_Os09g23620,3.126976846939923,49,0.010674313846931918,408,0.0010424710424710426,182,213.0
LOC_Os12g32850,1.8779930827008724,184,0.04044755719987806,48,0.0,408,213.33333333333334
ChrSy.fgenesh.gene.86,1.421202246162969,364,0.05374050960579388,19,0.0,258,213.66666666666666
LOC_Os01g08090,1.5730678976769263,292,0.016657129297880543,302,0.00573738938292733,48,214.0
LOC_Os12g36860,3.222502914982591,40,0.018544946333445448,263,0.0,340,214.33333333333334
LOC_Os04g45130,1.4352123630314855,358,0.0499769101260315,20,0.0,266,214.66666666666666
LOC_Os06g05420,2.1470733702452653,124,0.026300934355879057,127,0.0,395,215.33333333333334
LOC_Os03g09880,1.4731955921295063,341,0.033002939332063656,78,0.0004236401673640167,231,216.66666666666666
LOC_Os02g36070,2.1652517113333967,120,0.007140953152137144,455,0.004442890852179294,75,216.66666666666666
LOC_Os01g62830,1.4207079688484898,365,0.04517001664639919,31,0.0,256,217.33333333333334
LOC_Os03g52020,1.6544168839569624,249,0.01918786991090961,254,0.0020285499624342605,149,217.33333333333334
LOC_Os06g11720,1.405761919105334,387,0.02636111912822296,126,0.0022845336481700116,140,217.66666666666666
LOC_Os08g32060,1.3926727460285748,399,0.0631500501932138,12,0.0,243,218.0
LOC_Os05g39310,1.989336060685765,151,0.01806389977573753,276,0.0005578512396694215,230,219.0
LOC_Os06g44010,2.5944187763191846,82,0.008567077426479245,431,0.0021231979030144166,146,219.66666666666666
LOC_Os12g24650,2.7631692361150977,74,0.02534436254057835,141,0.0,446,220.33333333333334
LOC_Os09g31000,1.626835220953706,263,0.021042970390428687,215,0.0010413223140495866,183,220.33333333333334
LOC_Os07g07450,2.5880991269309797,83,0.024944610716809725,147,0.0,433,221.0
LOC_Os10g22070,3.2031551772533993,42,0.01701344593337746,297,0.0,326,221.66666666666666
LOC_Os08g23840,1.5902875638243352,278,0.02316940288027308,173,0.0007826086956521737,219,223.33333333333334
LOC_Os06g45960,1.6729048654826082,241,0.04174108590713443,46,0.0,385,224.0
LOC_Os06g05000,3.4305100621665554,36,0.013629600369135476,355,0.0,283,224.66666666666666
LOC_Os11g31060,2.047287474788404,139,0.031146951490058545,90,0.0,445,224.66666666666666
LOC_Os04g37490,2.9486850496095673,60,0.01381268900523081,351,0.0,264,225.0
LOC_Os09g10900,1.5935718508655141,275,0.015719110750333696,320,0.004167814065541339,85,226.66666666666666
LOC_Os02g13260,1.3770092867361412,413,0.04030901958772724,49,0.0007627118644067796,220,227.33333333333334
LOC_Os01g70540,1.8993800926108655,181,0.03073616153367983,92,0.0,411,228.0
LOC_Os03g32230,2.3854547749220534,102,0.011748811063801172,392,0.001016949152542373,191,228.33333333333334
LOC_Os09g31040,1.9200481960222668,174,0.014574957832512869,339,0.0011293436293436298,173,228.66666666666666
LOC_Os06g05020,1.9815422764836557,154,0.014414745416893459,343,0.001022727272727273,189,228.66666666666666
LOC_Os07g38800,1.4908680291760652,330,0.0157763687838204,317,0.006860453203910869,39,228.66666666666666
LOC_Os04g12150,2.4035969154269616,100,0.02743374612741782,119,0.0,468,229.0
LOC_Os11g13620,1.3506697565503019,444,0.03072699836282076,93,0.0020256729810568296,150,229.0
LOC_Os02g50450,1.7038105768126839,228,0.015451617378483678,327,0.0024152542372881365,134,229.66666666666666
LOC_Os04g46980,1.3921431545938243,400,0.018615183642309494,261,0.008642303093670584,29,230.0
LOC_Os11g42200,1.9364367056114655,170,0.0298463051439052,100,0.0,421,230.33333333333334
LOC_Os08g29910,1.4107187329578619,380,0.03680941039910746,60,0.0,253,231.0
LOC_Os07g39860,1.5855496490087675,283,0.01652421581753911,304,0.0030937499999999997,112,233.0
LOC_Os02g42460,1.780694557603257,207,0.025425552829747036,140,0.0,352,233.0
LOC_Os02g45160,1.3863396274790323,406,0.030794791907876082,91,0.0009917355371900827,203,233.33333333333334
LOC_Os02g36230,1.3348262201477625,464,0.04480121065349399,34,0.0009884937238493726,205,234.33333333333334
LOC_Os03g39760,1.736456236153254,217,0.029199372608057883,104,0.0,382,234.33333333333334
LOC_Os02g36530,1.513627769432185,317,0.015812212289023953,316,0.004562500000000001,72,235.0
LOC_Os10g31780,3.9054497018899266,24,0.012452955598613364,377,0.0,304,235.0
LOC_Os03g07600,2.194551265662938,117,0.012302934564607381,379,0.0009563164108618656,212,236.0
LOC_Os06g08900,1.3169215124141007,483,0.04250068924362863,41,0.0010400616332819725,185,236.33333333333334
LOC_Os01g72460,1.3761892888713159,416,0.01934148690718753,250,0.00614693406802589,43,236.33333333333334
LOC_Os02g12070,3.128855493800628,48,0.01430999290209771,345,0.0,317,236.66666666666666
LOC_Os10g37100,2.5822277704002,84,0.022228159417807033,193,0.0,436,237.66666666666666
LOC_Os02g10880,1.3763219208200304,414,0.019712215845507808,245,0.005274671852211959,56,238.33333333333334
LOC_Os04g19670,1.8083522427333834,200,0.02444936289235135,158,0.0,357,238.33333333333334
LOC_Os09g30490,1.5442212266897937,303,0.014656108983850419,338,0.004425327176675405,76,239.0
LOC_Os06g38660,1.4096943782624864,381,0.032694985853523754,80,0.0,257,239.33333333333334
LOC_Os01g57610,1.5039590278502588,322,0.020524107191856086,226,0.0011773255813953489,171,239.66666666666666
LOC_Os06g05010,3.1210018327803954,51,0.014076987510861672,348,0.0,320,239.66666666666666
LOC_Os11g44900,1.3224784487828969,476,0.028022689103577015,116,0.0025961538461538466,127,239.66666666666666
LOC_Os02g26770,1.9362452308796276,171,0.026157739432543764,130,0.0,420,240.33333333333334
LOC_Os05g30100,1.3352547855623234,462,0.032534348446916266,81,0.0010465116279069766,181,241.33333333333334
LOC_Os07g22730,1.9184164641856656,175,0.026012514914695913,135,0.0,417,242.33333333333334
LOC_Os01g37630,1.9677131773864258,159,0.02275402457837772,176,0.0,392,242.33333333333334
LOC_Os02g12530,1.4155070172906632,373,0.02875958531226655,110,0.0,245,242.66666666666666
LOC_Os01g68660,1.3352225847319663,463,0.028831364532295168,107,0.0018966942148760336,158,242.66666666666666
LOC_Os09g26920,1.3596451168271715,432,0.02627624990712968,128,0.0011886792452830194,170,243.33333333333334
LOC_Os02g18920,1.4085523397818505,382,0.020916274846319638,220,0.002510330578512397,131,244.33333333333334
LOC_Os06g38764,1.8298507868515101,193,0.008266521149728026,438,0.0035887749595250947,105,245.33333333333334
LOC_Os08g40690,2.1159069000262916,128,0.022255072096356302,192,0.0,419,246.33333333333334
LOC_Os06g41340,1.3315540521854994,470,0.020535144286913682,225,0.006064003564003563,45,246.66666666666666
LOC_Os01g57854,1.7968350904386532,203,0.0055351821831945884,475,0.004971806167400879,64,247.33333333333334
LOC_Os01g40950,2.6664897537502616,79,0.005482617938986349,478,0.0010365009439899302,186,247.66666666666666
LOC_Os09g25060,1.6053271906310844,270,0.017956634625541656,279,0.00101427498121713,195,248.0
LOC_Os04g23550,2.7638037320495092,73,0.015123456896607587,331,0.0,344,249.33333333333334
LOC_Os02g36140,1.8124398980261214,197,0.02229608398748532,191,0.0,360,249.33333333333334
LOC_Os06g20790,2.885414792574628,64,0.008523078695668944,435,0.0,249,249.33333333333334
LOC_Os09g15670,1.4057847112266622,386,0.030041772318076008,97,0.0,267,250.0
LOC_Os04g27060,2.4568405300671516,94,0.02404314926297456,162,0.0,495,250.33333333333334
LOC_Os09g33680,2.0407000147090324,142,0.02166839153701443,207,0.0,402,250.33333333333334
LOC_Os12g36830,2.0112519108189266,147,0.008963787557623915,429,0.0010818933132982723,175,250.33333333333334
LOC_Os09g38350,3.494452511404273,34,0.008039394155235248,441,0.0,280,251.66666666666666
LOC_Os07g09620,1.3376968094446164,460,0.02203865288613051,200,0.0038391154300245205,96,252.0
LOC_Os05g48680,1.4084211308758332,383,0.016703895734924357,301,0.004480796586059745,73,252.33333333333334
LOC_Os08g28710,1.5222093058935195,316,0.07667047429139646,3,0.0,442,253.66666666666666
LOC_Os01g38110,2.0716171572796482,136,0.011228579607576214,399,0.0005648535564853557,227,254.0
LOC_Os01g41450,2.1706147928013606,118,0.017610516793930192,290,0.0,354,254.0
LOC_Os07g40040,1.5434588144731964,305,0.04740125676217031,25,0.0,432,254.0
LOC_Os02g49720,2.3222308936073923,107,0.017782232963973004,286,0.0,369,254.0
LOC_Os09g17152,1.530259203336064,312,0.016055132944416527,309,0.00219526884598655,142,254.33333333333334
LOC_Os03g03280,1.8362125241648317,189,0.02098733506897044,218,0.0,356,254.33333333333334
LOC_Os02g08200,1.56232471852837,295,0.045689904127559466,28,0.0,440,254.33333333333334
LOC_Os05g08830,1.958202995872892,163,0.0211703702748201,213,0.0,389,255.0
LOC_Os01g21590,1.6453325924504383,253,0.01548017227347454,326,0.0010312500000000003,187,255.33333333333334
LOC_Os11g40840,1.6672251382933292,243,0.035831000198612344,61,0.0,463,255.66666666666666
LOC_Os02g17534,1.509468924660941,320,0.029435963846101008,103,0.0,345,256.0
LOC_Os04g56560,1.52584843964731,313,0.016033587329065967,310,0.0021601006648853532,145,256.0
LOC_Os12g43880,1.4016552687395345,391,0.022448105435625434,184,0.0010167364016736404,193,256.0
LOC_Os02g26810,1.6988824320494882,229,0.0233237253514401,169,0.0,371,256.3333333333333
LOC_Os01g70590,1.4265470014372303,361,0.024783563774807508,151,0.0,261,257.6666666666667
LOC_Os05g35290,3.159249722284673,46,0.009795368909150523,418,0.0,313,259.0
LOC_Os03g13030,1.5579706830192825,298,0.018198200082433582,274,0.000980629539951574,206,259.3333333333333
LOC_Os11g05380,2.6091506432044045,81,0.018355413117957475,270,0.0,427,259.3333333333333
LOC_Os11g34170,1.3667651103924183,427,0.05409205546231296,18,0.0,337,260.6666666666667
LOC_Os11g07700,1.3159261868026202,484,0.02324193385365937,172,0.002530032467532467,130,262.0
LOC_Os09g09560,1.589663824798656,280,0.058168586076775365,16,0.0,491,262.3333333333333
LOC_Os08g35580,1.4855012668485483,332,0.07276777706070091,5,0.0,451,262.6666666666667
LOC_Os11g42989,1.7207258645872658,224,0.004966213640141873,484,0.004324237752997939,82,263.3333333333333
LOC_Os12g39310,1.8166630969679705,196,0.0201987164093397,235,0.0,361,264.0
LOC_Os02g41680,1.8040222292141328,201,0.01989470171467498,239,0.0,355,265.0
LOC_Os04g48850,1.4575590742647044,347,0.020516378196240602,228,0.000743801652892562,221,265.3333333333333
LOC_Os11g07690,3.8699450004522538,27,0.0018469507793043728,496,0.0,275,266.0
LOC_Os02g32770,1.8995299479789798,180,0.021749832707789848,206,0.0,412,266.0
LOC_Os02g12540,2.149728981604859,122,0.015861857416264728,314,0.0,363,266.3333333333333
LOC_Os09g07250,1.2981663343533536,499,0.06508793043148668,10,0.0,293,267.3333333333333
LOC_Os03g52410,1.3010446981008086,496,0.06347502415567281,11,0.0,296,267.6666666666667
LOC_Os10g41330,1.4083797615835403,384,0.024602864618800527,155,0.0,265,268.0
LOC_Os02g10830,1.7368496588814761,216,0.02064755714053092,223,0.0,367,268.6666666666667
LOC_Os10g38160,1.382938132870799,410,0.033576627617514024,75,0.0,321,268.6666666666667
LOC_Os05g44340,1.3191239238199193,480,0.02950128277917111,102,0.0006367924528301888,225,269.0
LOC_Os01g56240,1.6362167602320419,258,0.03286497891908006,79,0.0,470,269.0
LOC_Os01g09870,1.635201154139889,259,0.008558881520784475,432,0.0030123966942148766,116,269.0
LOC_Os08g04800,1.6890884107631836,234,0.010785499406854193,406,0.0014338590280012873,167,269.0
LOC_Os04g46710,1.3794879456120748,412,0.033150244161707226,77,0.0,319,269.3333333333333
LOC_Os01g02120,1.4921428557301513,327,0.019098861764715706,256,0.0005720338983050847,226,269.6666666666667
LOC_Os01g37610,1.9704988521154188,157,0.018380615798152155,267,0.0,386,270.0
LOC_Os11g03860,1.3984174347021134,396,0.02206103386352624,199,0.0008472803347280334,215,270.0
LOC_Os05g25360,1.3401653939713154,451,0.03134149846576081,87,0.0,273,270.3333333333333
LOC_Os04g17470,1.3470852581993389,446,0.04306387566625262,38,0.0,330,271.3333333333333
LOC_Os06g05960,1.3684194894176223,423,0.02687613279013679,123,0.0,271,272.3333333333333
LOC_Os12g36880,2.258168719327353,113,0.01522124778697793,329,0.0,376,272.6666666666667
LOC_Os01g41430,1.4494367948547178,348,0.01176721606226673,390,0.004161706725301387,86,274.6666666666667
LOC_Os03g07590,2.212271028169152,115,0.01504777636530817,332,0.0,379,275.3333333333333
LOC_Os03g60080,1.7231008977221438,222,0.020522363039716187,227,0.0,377,275.3333333333333
LOC_Os02g30070,1.3081772156209825,489,0.02244707735015214,185,0.0020021186440677967,153,275.6666666666667
LOC_Os09g04624,1.4037407993092808,389,0.02249863917247109,183,0.0,259,277.0
LOC_Os06g20820,1.735743306574194,218,0.0054928966321069065,477,0.002383474576271186,136,277.0
LOC_Os11g29870,1.6122759247802547,267,0.006863206600822653,460,0.0035938791974404155,104,277.0
LOC_Os12g32020,1.418892441019813,369,0.017764636527535127,287,0.0010774410774410772,176,277.3333333333333
LOC_Os07g31230,1.300234999918716,497,0.04240056404616435,42,0.0,295,278.0
LOC_Os07g39720,1.8886767391766277,183,0.019756189979133813,243,0.0,409,278.3333333333333
LOC_Os01g70525,2.3907744009536147,101,0.01840329527120782,266,0.0,469,278.6666666666667
LOC_Os05g50610,1.5746896587972654,289,0.03328565508615374,76,0.0,473,279.3333333333333
LOC_Os02g42450,1.317912356468405,482,0.018328329337993592,271,0.003956043956043955,91,281.3333333333333
LOC_Os03g25490,1.4139824567169255,375,0.020655943066011036,222,0.0,248,281.6666666666667
LOC_Os10g28094,1.3066879815721957,490,0.035720689987407864,62,0.0,299,283.6666666666667
LOC_Os12g03920,1.4112026229757666,379,0.02062328492850257,224,0.0,252,285.0
LOC_Os01g47070,1.6959347061337338,232,0.005432570866414099,479,0.002082644628099174,147,286.0
LOC_Os04g49690,1.3129455885407695,486,0.021483553976084147,209,0.0014876033057851243,165,286.6666666666667
LOC_Os04g10160,1.988977043781613,152,0.015937718118711,311,0.0,398,287.0
LOC_Os03g59320,1.6023579702469064,271,0.006114865224433095,467,0.0027239709443099276,124,287.3333333333333
LOC_Os06g17020,1.6118999641886798,268,0.028533100112701965,112,0.0,483,287.6666666666667
LOC_Os02g32450,1.3323575357716637,469,0.02772775090778401,118,0.0,278,288.3333333333333
LOC_Os07g31160,1.6443623474165512,254,0.0254384612335533,139,0.0,472,288.3333333333333
LOC_Os08g39840,1.6603057737080618,246,0.025178528000052002,142,0.0,478,288.6666666666667
LOC_Os04g44510,1.579795656354894,288,0.03047233976658698,95,0.0,485,289.3333333333333
LOC_Os01g32770,1.9038986706901784,178,0.018030971917641327,278,0.0,414,290.0
LOC_Os06g09190,1.98211114615419,153,0.015682799869926267,321,0.0,397,290.3333333333333
LOC_Os09g26710,1.4743566190707595,340,0.028795176140158817,108,0.0,424,290.6666666666667
LOC_Os01g64450,1.558979737582882,297,0.025674181797640153,138,0.0,439,291.3333333333333
LOC_Os05g08880,1.4201404200520125,368,0.01921126947636856,253,0.0,254,291.6666666666667
LOC_Os01g39960,1.3401100438295184,452,0.027803637831734368,117,0.0,307,292.0
LOC_Os04g27094,1.3594553173870272,433,0.010214159276516416,413,0.0075407472323073335,32,292.6666666666667
LOC_Os06g29994,1.3724373549674145,419,0.016573195277022876,303,0.0019405253837072017,157,293.0
LOC_Os10g42299,1.334149289766954,467,0.01783970008202538,284,0.002531249999999999,129,293.3333333333333
LOC_Os12g05440,2.10549946204916,131,0.013528617625431638,358,0.0,393,294.0
LOC_Os10g39140,1.4009890378963543,392,0.01575416688260237,318,0.001155963302752294,172,294.0
LOC_Os01g53470,2.472160951136305,93,0.016842695653927594,300,0.0,490,294.3333333333333
LOC_Os04g02050,2.448347934938702,95,0.01766995232564885,289,0.0,499,294.3333333333333
LOC_Os02g08270,1.4184841350776816,370,0.01755544201378627,292,0.0006694214876033054,224,295.3333333333333
LOC_Os02g39330,1.6785612407865964,240,0.00778130367855685,444,0.0009917355371900827,202,295.3333333333333
LOC_Os06g13870,1.3536507958144202,438,0.019266652097055605,251,0.0010010593220338984,198,295.6666666666667
LOC_Os02g17400,1.4139280091257322,376,0.016510108095952655,305,0.0009642857142857145,209,296.6666666666667
LOC_Os04g54300,1.330506078970171,471,0.013828403509401637,350,0.004595935770338919,71,297.3333333333333
LOC_Os01g66900,1.4772062285139482,338,0.013389488521513565,364,0.0010169491525423727,192,298.0
LOC_Os01g60170,1.4234617148715811,362,0.018292708110330527,272,0.0,260,298.0
LOC_Os09g34230,2.0293604585879823,144,0.014042363541297205,349,0.0,401,298.0
LOC_Os08g31880,1.4169048993273454,372,0.013363968640221333,367,0.001961259079903148,155,298.0
LOC_Os11g25510,1.384713424300777,407,0.023628545494868324,166,0.0,324,299.0
LOC_Os03g08410,1.9442715374372652,168,0.015566239831484847,324,0.0,405,299.0
LOC_Os01g41420,1.5957855442045574,274,0.026159323310877534,129,0.0,496,299.6666666666667
LOC_Os05g45070,1.399809208369531,393,0.018374595255337463,268,0.0,239,300.0
LOC_Os05g04000,1.3186812018569969,481,0.02824500099135759,114,0.0,305,300.0
LOC_Os11g37700,1.4380517395758856,357,0.018182629257580296,275,0.0,270,300.6666666666667
LOC_Os07g32710,1.5818369816335123,286,0.026036848870530708,133,0.0,487,302.0
LOC_Os02g22700,1.6199349792427795,265,0.024043346468984577,161,0.0,481,302.3333333333333
LOC_Os01g02130,2.270774466072627,112,0.009494912727583254,420,0.0,375,302.3333333333333
LOC_Os05g17604,1.628477664926384,261,0.02261944378795527,180,0.0,467,302.6666666666667
LOC_Os07g23430,1.4203382601876955,366,0.012156735986435836,380,0.0017355371900826446,162,302.6666666666667
LOC_Os02g31990,1.4070526388331681,385,0.014219131359204204,346,0.0010714285714285717,178,303.0
LOC_Os09g23420,2.3009253062614943,110,0.009088051863863132,426,0.0,374,303.3333333333333
LOC_Os04g37880,1.4694051240283423,343,0.011994359243841382,387,0.0010413223140495866,184,304.6666666666667
LOC_Os08g08580,1.4424293710423828,354,0.0063292441061619095,465,0.0038429752066115714,95,304.6666666666667
LOC_Os04g54240,2.5269129535720776,90,0.013384583757429779,365,0.0,461,305.3333333333333
LOC_Os03g02330,1.9705103983103411,156,0.012685436794740929,373,0.0,394,307.6666666666667
LOC_Os12g17804,1.7473387393223456,215,0.01434849877775475,344,0.0,366,308.3333333333333
LOC_Os10g37340,1.899797578192626,179,0.014899852055451019,333,0.0,413,308.3333333333333
LOC_Os07g02920,1.796402819104433,204,0.013299092261685819,369,0.0,353,308.6666666666667
LOC_Os08g02700,1.9555281858003737,165,0.012648044067113331,375,0.0,387,309.0
LOC_Os02g48060,1.4020047942843377,390,0.017592763104538674,291,0.0,246,309.0
LOC_Os08g35160,1.3749368162906213,418,0.022193507299751697,195,0.0,315,309.3333333333333
LOC_Os01g04580,1.4144672814270272,374,0.007581787186416382,449,0.003583823815228775,106,309.6666666666667
LOC_Os02g15290,1.5117762267129784,319,0.023391376202983316,168,0.0,444,310.3333333333333
LOC_Os10g38350,1.4117876497962447,378,0.016279374655218976,306,0.0,250,311.3333333333333
LOC_Os09g38239,1.7226711174437042,223,0.0017116486263108234,497,0.0009306818181818177,214,311.3333333333333
LOC_Os04g28330,1.6917766017813323,233,0.0045348259265404105,485,0.0008318752377329781,217,311.6666666666667
LOC_Os10g38720,1.2995919116003911,498,0.025090861445476093,145,0.0,294,312.3333333333333
LOC_Os03g24200,1.3224928282041288,475,0.022927522914057627,175,0.0,290,313.3333333333333
LOC_Os04g58090,1.4178281248111124,371,0.011723798286163887,393,0.0010560625814863098,179,314.3333333333333
LOC_Os06g39530,1.3358495068620877,461,0.021965260299102774,201,0.0,282,314.6666666666667
LOC_Os12g10070,1.4425411494627787,353,0.013591336462954138,356,0.0,235,314.6666666666667
LOC_Os07g32570,1.5243926601272428,315,0.009271782936272665,423,0.0009729729729729729,208,315.3333333333333
LOC_Os03g62230,1.898252011177379,182,0.013722700725417536,354,0.0,410,315.3333333333333
LOC_Os12g18560,1.3832057534100914,409,0.02099070855692683,217,0.0,322,316.0
LOC_Os11g36140,1.5383806419058432,308,0.02140082726013069,211,0.0,430,316.3333333333333
LOC_Os08g42590,1.6217509170010709,264,0.020746231074008192,221,0.0,465,316.6666666666667
LOC_Os06g08610,1.3900803026437953,403,0.014735235497115839,334,0.0009460227272727269,213,316.6666666666667
LOC_Os06g03520,1.8235684199158497,195,0.011613077994833914,394,0.0,362,317.0
LOC_Os12g34014,1.3392149533940718,454,0.015162111887931354,330,0.0010714285714285717,177,320.3333333333333
LOC_Os01g52260,1.713320771620706,227,0.0134032140456647,362,0.0,373,320.6666666666667
LOC_Os04g54280,1.4718205523465486,342,0.009047645461253903,427,0.0010142749812171302,194,321.0
LOC_Os07g46846,1.3094768993128136,488,0.023120186449966672,174,0.0,301,321.0
LOC_Os02g40110,1.3995440129798227,394,0.01524202548422788,328,0.0,241,321.0
LOC_Os05g33160,1.9527445148137552,166,0.01156307759534179,395,0.0,403,321.3333333333333
LOC_Os06g14050,2.735188573943274,75,0.0079996323834902,442,0.0,449,322.0
LOC_Os04g57860,1.3683780851573908,424,0.009172989907258663,425,0.002927963789125373,119,322.6666666666667
LOC_Os10g37540,1.5910182411557483,277,0.022093354422292415,198,0.0,493,322.6666666666667
LOC_Os12g05860,1.7552334122710733,210,0.010527766778599353,409,0.0,350,323.0
LOC_Os06g10050,1.449246136825993,349,0.012130679651328793,381,0.0,240,323.3333333333333
LOC_Os09g35030,1.3947585383424372,398,0.014504431811219154,340,0.0,237,325.0
LOC_Os02g16250,1.431833752797203,360,0.013742399284506518,353,0.0,262,325.0
LOC_Os11g28530,2.679777556860327,78,0.007856906787613563,443,0.0,455,325.3333333333333
LOC_Os03g63620,1.847827291613887,188,0.010981455248794228,404,0.0,384,325.3333333333333
LOC_Os06g34870,1.5460986499259617,302,0.019852572627225604,240,0.0,435,325.6666666666667
LOC_Os04g14810,1.5011354517923197,324,0.022103597529756287,197,0.0,458,326.3333333333333
LOC_Os10g03110,1.4630690861714346,345,0.01558826690514572,323,0.0,311,326.3333333333333
LOC_Os05g42250,1.334251440393711,466,0.015752506679327722,319,0.0010125000000000002,196,327.0
LOC_Os07g39270,1.8338476022790537,191,0.01070257291791746,407,0.0,383,327.0
LOC_Os02g48200,1.4326600593183905,359,0.013522199063889774,360,0.0,263,327.3333333333333
LOC_Os12g40180,1.3304270523786335,472,0.00687573920317382,458,0.0056085079693034235,52,327.3333333333333
LOC_Os02g50390,2.410463945783776,99,0.011074849493998265,402,0.0,482,327.6666666666667
LOC_Os03g20970,1.3965399015520392,397,0.012382132938701704,378,0.0009642857142857142,211,328.6666666666667
LOC_Os11g47610,1.5435278201314648,304,0.01893781626507235,258,0.0,425,329.0
LOC_Os01g45100,1.5855209771993573,284,0.021084589995628747,214,0.0,489,329.0
LOC_Os01g48610,1.4381566495868334,356,0.011834756286819464,389,0.0,242,329.0
LOC_Os03g06210,1.943740983903319,169,0.010213492806745132,414,0.0,406,329.6666666666667
LOC_Os11g47420,1.3986133761487582,395,0.008298627626348273,437,0.001875,159,330.3333333333333
LOC_Os01g06740,1.9650065680644628,160,0.008184022248571579,440,0.0,391,330.3333333333333
LOC_Os04g54310,1.5688855796747232,294,0.01876217560513467,260,0.0,441,331.6666666666667
LOC_Os01g52320,2.6918438790061234,77,0.0063226167697371044,466,0.0,453,332.0
LOC_Os04g03920,1.8714361485236526,185,0.010828676936354758,405,0.0,407,332.3333333333333
LOC_Os04g44250,1.6273809842683682,262,0.018355671297549208,269,0.0,466,332.3333333333333
LOC_Os07g46852,1.592086956092733,276,0.020252713023199927,231,0.0,494,333.6666666666667
LOC_Os03g05910,1.3683139994080125,425,0.019262330344702556,252,0.0,327,334.6666666666667
LOC_Os08g08250,1.341942735559974,448,0.019524013562749208,248,0.0,310,335.3333333333333
LOC_Os06g37280,1.9753956186000203,155,0.006884577456655078,457,0.0,396,336.0
LOC_Os07g02850,1.6386912765701689,256,0.017842404951876615,282,0.0,471,336.3333333333333
LOC_Os01g48580,1.7335392942670833,219,0.010509362837502874,410,0.0,380,336.3333333333333
LOC_Os05g49620,2.3796606547695687,104,0.00888217730289084,430,0.0,476,336.6666666666667
LOC_Os01g28680,1.3198616412574646,478,0.020225340426964458,232,0.0,300,336.6666666666667
LOC_Os02g26380,1.3139050507792465,485,0.012542819551823993,376,0.002005896226415095,152,337.6666666666667
LOC_Os02g12090,1.7524403621702211,211,0.007183721866936434,453,0.0,349,337.6666666666667
LOC_Os01g66990,2.1161850747121913,127,0.005517045742265726,476,0.0,416,339.6666666666667
LOC_Os01g53430,1.5897760930832385,279,0.019350394984437726,249,0.0,492,340.0
LOC_Os08g37760,1.5387519630819628,307,0.01784172802275851,283,0.0,431,340.3333333333333
LOC_Os02g36000,2.0749416022035407,135,0.004210449650022777,487,0.0,400,340.6666666666667
LOC_Os06g10040,1.3382082111442448,457,0.012001093167070376,386,0.0010487288135593222,180,341.0
LOC_Os04g29580,1.3656850986489173,428,0.01123582176962607,398,0.001,200,342.0
LOC_Os10g37110,1.3842393930318868,408,0.01687592064189387,298,0.0,323,343.0
LOC_Os02g17600,1.4402293491890967,355,0.006479924379319747,464,0.0009642857142857145,210,343.0
LOC_Os06g08460,1.5491213209407324,300,0.01718746548934503,295,0.0,437,344.0
LOC_Os10g40614,1.646201169696765,252,0.01618896115287269,307,0.0,474,344.3333333333333
LOC_Os03g29930,1.573404341775986,291,0.015913415667549682,313,0.0,434,346.0
LOC_Os08g19540,1.3334838418441775,468,0.017494909374040354,293,0.0,279,346.6666666666667
LOC_Os02g06200,1.9591758665385157,162,0.0032534672634332174,491,0.0,390,347.6666666666667
LOC_Os08g03002,1.4786071744642646,336,0.018417621751397707,265,0.0,447,349.3333333333333
LOC_Os01g72360,1.7516046269086671,212,0.004138119394659878,488,0.0,348,349.3333333333333
LOC_Os02g27310,1.8108378316376914,199,0.003143753969104759,492,0.0,358,349.6666666666667
LOC_Os01g20980,1.3056879267826724,491,0.007582209022706587,448,0.003157806612482425,111,350.0
LOC_Os06g06360,1.7251722244355685,221,0.0072192689922183665,452,0.0,378,350.3333333333333
LOC_Os08g42800,1.6637235325021793,245,0.014484336887506931,341,0.0,479,355.0
LOC_Os05g20460,1.4202857610366666,367,0.007670605711162325,445,0.0,255,355.6666666666667
LOC_Os02g47090,1.392031580219795,401,0.0099726921530524,416,0.0,251,356.0
LOC_Os03g47470,1.3429716688498219,447,0.009014372169658537,428,0.0010010593220338984,199,358.0
LOC_Os01g18530,1.7509966122212646,213,0.0008950521040651296,499,0.0,364,358.6666666666667
LOC_Os10g34920,1.4937668474372154,326,0.017492635373091578,294,0.0,456,358.6666666666667
LOC_Os04g10010,1.9336990463118384,173,0.0034237292449064527,490,0.0,418,360.3333333333333
LOC_Os10g20350,1.4438901792533092,351,0.0008536604798108494,500,0.0,232,361.0
LOC_Os12g07310,1.4457345361594254,350,0.0037891501719726603,489,0.0,244,361.0
LOC_Os01g09220,1.305138608049592,492,0.008416976342870655,436,0.0017532467532467534,161,363.0
LOC_Os01g60690,1.3250208103577932,473,0.01442833952496034,342,0.0,274,363.0
LOC_Os02g42720,1.389107935952964,404,0.012003892642343498,385,0.0,309,366.0
LOC_Os03g57520,1.6661074178526176,244,0.012660893731838306,374,0.0,480,366.0
LOC_Os12g26710,1.5546618985804497,299,0.013398015638924855,363,0.0,438,366.6666666666667
LOC_Os01g40260,1.6427426637586975,255,0.012061676341253743,383,0.0,464,367.3333333333333
LOC_Os07g46860,1.6564518058716322,247,0.012043183863407957,384,0.0,477,369.3333333333333
LOC_Os07g23410,1.5356333820144314,309,0.01317814676253558,371,0.0,429,369.6666666666667
LOC_Os01g68220,1.5249234150261748,314,0.01327036256901938,370,0.0,426,370.0
LOC_Os07g29880,1.3515768097935887,441,0.014706330796017228,336,0.0,334,370.3333333333333
LOC_Os08g04350,1.5135921546032745,318,0.013570583937989355,357,0.0,443,372.6666666666667
LOC_Os01g27480,1.3045495652907209,493,0.014716493617325117,335,0.0,292,373.3333333333333
LOC_Os01g44120,1.6788482338061999,239,0.006648597873799269,462,0.0,422,374.3333333333333
LOC_Os01g50420,1.4048279817780283,388,0.005937421754866477,468,0.0,269,375.0
LOC_Os02g50404,1.5818903060101543,285,0.013746713648572382,352,0.0,488,375.0
LOC_Os03g10300,1.3214704494119656,477,0.013409863663993124,361,0.0,291,376.3333333333333
LOC_Os07g39470,1.3529147679869489,439,0.013303661552775436,368,0.0,329,378.6666666666667
LOC_Os06g43780,1.3508314128917502,443,0.01337362378450289,366,0.0,332,380.3333333333333
LOC_Os01g62430,1.341718912320707,449,0.005874378233928744,470,0.0007407407407407406,223,380.6666666666667
LOC_Os12g29820,1.3912062010501591,402,0.0058385136625788495,473,0.0,272,382.3333333333333
LOC_Os11g43049,1.668489494364702,242,0.004987801940705763,483,0.0,423,382.6666666666667
LOC_Os05g15230,1.3377462538765055,459,0.010391299140414041,411,0.0,284,384.6666666666667
LOC_Os06g51070,1.3704425957274209,422,0.009421523697848032,421,0.0,312,385.0
LOC_Os11g06460,1.3755426849406378,417,0.009339893174815329,422,0.0,316,385.0
LOC_Os06g33970,1.5745451232909626,290,0.01104247904612339,403,0.0,462,385.0
LOC_Os12g08440,1.6011071282872178,272,0.011882607664624775,388,0.0,498,386.0
LOC_Os01g67270,1.3390721566118868,455,0.009839288672014888,417,0.0,287,386.3333333333333
LOC_Os06g14670,1.4832873891958132,333,0.012111291732784224,382,0.0,450,388.3333333333333
LOC_Os03g55800,1.5964044614528172,273,0.011134070016111072,400,0.0,497,390.0
LOC_Os02g12250,1.351191028607457,442,0.01154509016633067,397,0.0,333,390.6666666666667
LOC_Os03g12730,1.3395094175802167,453,0.008249780073489376,439,0.0,288,393.3333333333333
LOC_Os11g06770,1.303988972201232,494,0.01175971200425986,391,0.0,298,394.3333333333333
LOC_Os06g45970,1.4642599295364795,344,0.002179588755506764,494,0.0,346,394.6666666666667
LOC_Os01g59780,1.4877590979511632,331,0.011111457999325718,401,0.0,452,394.6666666666667
LOC_Os12g38120,1.3387708648583614,456,0.007639458527206977,446,0.0,286,396.0
LOC_Os03g53010,1.5331618317334064,310,0.007536587034889279,451,0.0,428,396.3333333333333
LOC_Os09g28400,1.356820181314486,436,0.00969839923336772,419,0.0,338,397.6666666666667
LOC_Os09g23450,1.322564792407533,474,0.008548926617735297,433,0.0,289,398.6666666666667
LOC_Os01g70210,1.3110646764223928,487,0.010343268040694171,412,0.0,302,400.3333333333333
LOC_Os09g37200,1.3404540506433227,450,0.006598853995526565,463,0.0,308,407.0
LOC_Os02g50460,1.3645795393904459,429,0.00695389071982874,456,0.0,343,409.3333333333333
LOC_Os07g12304,1.3569969611765027,435,0.00717868875438869,454,0.0,339,409.3333333333333
LOC_Os01g47760,1.5008253938328866,325,0.00762588546518084,447,0.0,457,409.6666666666667
LOC_Os05g50100,1.4911790448760698,329,0.0075492536382841605,450,0.0,454,411.0
LOC_Os09g23430,1.3672914242189473,426,0.004503638604421944,486,0.0,328,413.3333333333333
LOC_Os08g23860,1.5036470448211459,323,0.0067215462885179865,461,0.0,459,414.3333333333333
LOC_Os03g03790,1.3605684491777998,431,0.0058454904179015554,472,0.0,341,414.6666666666667
LOC_Os05g14110,1.3536686268970572,437,0.00586873798251976,471,0.0,336,414.6666666666667
LOC_Os01g39970,1.6078198731519444,269,0.002801218908219202,493,0.0,484,415.3333333333333
LOC_Os11g13480,1.3474228194535782,445,0.005639971626795477,474,0.0,331,416.6666666666667
LOC_Os03g08330,1.4808278920599809,335,0.0058886685439878865,469,0.0,448,417.3333333333333
LOC_Os09g29670,1.3520514354248574,440,0.00511238912191763,482,0.0,335,419.0
LOC_Os03g32220,1.3192242541301045,479,0.0053646801752566765,481,0.0,306,422.0
LOC_Os02g09990,1.5813467409298143,287,0.0020956742833326577,495,0.0,486,422.6666666666667
LOC_Os08g04360,1.5087250524718385,321,0.0010470651603465017,498,0.0,460,426.3333333333333
LOC_Os04g30040,1.2981005855993983,500,0.010208156085965705,415,0.0,500,471.6666666666667
